Class,AREA_sqKM,Pct
Pine - Sphagnum,14.106851531100014,0.47176045121690285
Sedge - Sphagnum,6.95432854574987,0.23256622254942808
Forested,4.758969561950107,0.15914916400187157
Other,3.2773807852250596,0.10960196431065847
Water,0.8050430000750132,0.026922197921139004
